{"cameraMode":{"drawMode":0,"name":"Shaded","section":"Shading Mode"},"sceneLighting":false,"audioPlay":false,"sceneViewState":{"m_AlwaysRefresh":false,"showFog":true,"showSkybox":true,"showFlares":true,"showImageEffects":true,"showParticleSystems":true,"showVisualEffectGraphs":true,"m_FxEnabled":true},"in2DMode":false,"pivot":{"x":-1.1088478565216065,"y":0.9557715058326721,"z":-0.029071450233459474},"rotation":{"x":0.13092179596424104,"y":-0.19056770205497743,"z":0.025653306394815446,"w":0.9725742340087891},"size":1.8730329275131226,"orthographic":false}