{"cameraMode":{"drawMode":0,"name":"Shaded","section":"Shading Mode"},"sceneLighting":false,"audioPlay":false,"sceneViewState":{"m_AlwaysRefresh":false,"showFog":true,"showSkybox":true,"showFlares":true,"showImageEffects":true,"showParticleSystems":true,"showVisualEffectGraphs":true,"m_FxEnabled":true},"in2DMode":false,"pivot":{"x":-0.7424690127372742,"y":0.10547694563865662,"z":1.3279545307159424},"rotation":{"x":0.0827246829867363,"y":-0.16633079946041108,"z":0.014004320837557316,"w":0.9824997782707214},"size":2.6598892211914064,"orthographic":false}