{"cameraMode":{"drawMode":0,"name":"Shaded","section":"Shading Mode"},"sceneLighting":true,"audioPlay":false,"sceneViewState":{"m_AlwaysRefresh":false,"showFog":true,"showSkybox":true,"showFlares":true,"showImageEffects":true,"showParticleSystems":true,"showVisualEffectGraphs":true,"m_FxEnabled":true},"in2DMode":false,"pivot":{"x":-0.5859612822532654,"y":0.7194390296936035,"z":-0.48209118843078616},"rotation":{"x":0.11552709341049195,"y":-0.21078550815582276,"z":0.025116775184869767,"w":0.9703888893127441},"size":2.045435667037964,"orthographic":true}